/**INSERT INTO CUSTOMER**/

INSERT INTO CUSTOMER VALUES
('1001', 'MIKE', 'WAZOWSKI', 'MikeW@gmail.com', '271-789-4562', 'SHIRE AVE', 'MONSTROPOLIS', 'FL', '31313'); 

INSERT INTO CUSTOMER VALUES
('1002', 'ANDREW', 'FULLER', 'AndrewF@gmail.com', '609-457-6823', 'RIDGE AVE', 'EHT', 'NJ', '08234');

INSERT INTO CUSTOMER VALUES
('1003', 'LUZ', 'JAVIER', 'LuzJ@gmail.com', '601-934-8934', '2951 Olive Street', 'Toledo', 'OH', '43602');

INSERT INTO CUSTOMER VALUES
('1004', 'NELSON', 'RODRIGUEZ', 'NelsonR@gmail.com', '908-803-5973', '1144 Beechwood Avenue', 'Rochelle Park', 'NJ', '07662');

INSERT INTO CUSTOMER VALUES
('1005', 'TALHA', 'IKRAM', 'TalhaI@gmail.com', '347-743-3108', '4048 Redbud Drive', 'New York', 'NY', '10011');

/**INSERT INTO CATEGORY**/


INSERT INTO CATEGORY VALUES
('9011', 'ORGANIC FRUITS', 'Organic fruit is grown without the use of synthetic chemicals.', '1');

INSERT INTO CATEGORY VALUES
('9012', 'ORGANIC VEGETABLES', 'Organic vegetables are grown and processed without pesticides, and do not contain GMOs.', '1');

INSERT INTO CATEGORY VALUES
('9013', 'ORGANIC DAIRY', 'Milk and dairy products sourced from cows with no antibiotics and growth hormones', '1');

INSERT INTO CATEGORY VALUES
('9014', 'ORGANIC MEAT', 'Meat from animals that meets strict guidelines set by the United States Department of Agriculture', '0');

/**INSERT INTO SUPPLIER**/

INSERT INTO SUPPLIER VALUES
('2301', 'JOSEPH', 'Joseph_co@gmail.com', '715-374-6464', '3');

INSERT INTO SUPPLIER VALUES
('2302', 'TOM MILLER', 'TomM45@gmail.com', '415-710-6171', '2');

INSERT INTO SUPPLIER VALUES
('2303', 'LANA RAY', 'Lray@gmail.com', '703-861-6733', '5');

/**INSERT INTO PRODUCT**/


INSERT INTO PRODUCT (PRODUCTID, CATEGORYID, SUPPLIERID, NAME, SKU, PRICEPERUNIT, UNITOFMEASUREMENT, SHELFLIFE, AVAILABILITYSTATUS, REORDERTHRESHOLD)
VALUES
('1', '9011', '2302', 'APPLE', 'AP-0010', '3.99', 'LB', '7', 'YES', '30');

INSERT INTO PRODUCT (PRODUCTID, CATEGORYID, SUPPLIERID, NAME, SKU, PRICEPERUNIT, UNITOFMEASUREMENT, SHELFLIFE, AVAILABILITYSTATUS, REORDERTHRESHOLD)
VALUES 
('2', '9013', '2301', 'MILK', 'MK-0198', '4.99', 'OZ', '30', 'YES', '25');

INSERT INTO PRODUCT (PRODUCTID, CATEGORYID, SUPPLIERID, NAME, SKU, PRICEPERUNIT, UNITOFMEASUREMENT, SHELFLIFE, AVAILABILITYSTATUS, REORDERTHRESHOLD)
VALUES
 ('3', '9013', '2301', 'CHEESE', 'CH-43372', '1.99', 'LB',  '20', 'YES', '60');

INSERT INTO PRODUCT (PRODUCTID, CATEGORYID, SUPPLIERID, NAME, SKU, PRICEPERUNIT, UNITOFMEASUREMENT, SHELFLIFE, AVAILABILITYSTATUS, REORDERTHRESHOLD)
VALUES
 ('4', '9012', '2303', 'POTATOES', 'POT-3467', '2.99', 'LB',  '10', 'YES', '100');

INSERT INTO PRODUCT (PRODUCTID, CATEGORYID, SUPPLIERID, NAME, SKU, PRICEPERUNIT, UNITOFMEASUREMENT, SHELFLIFE, AVAILABILITYSTATUS, REORDERTHRESHOLD) 
VALUES
 ('5', '9011', '2303', 'BANANA', 'BAN-1098', '.59', 'LB', '5', 'YES', '80');

INSERT INTO PRODUCT (PRODUCTID, CATEGORYID, SUPPLIERID, NAME, SKU, PRICEPERUNIT, UNITOFMEASUREMENT, SHELFLIFE, AVAILABILITYSTATUS, REORDERTHRESHOLD) 
VALUES
 ('6', '9012', '2303', 'ONIONS', 'ON-20097', '2.50', 'LB',  '9', 'YES', '75');

INSERT INTO PRODUCT (PRODUCTID, CATEGORYID, SUPPLIERID, NAME, SKU, PRICEPERUNIT, UNITOFMEASUREMENT, SHELFLIFE, AVAILABILITYSTATUS, REORDERTHRESHOLD)
VALUES
('7', '9014', '2302', 'BEEF', 'BF-3807', '9.99', 'LB', '2', 'NO', '5');

/**INSERT INTO SALES ORDER**/


INSERT INTO SALES_ORDER VALUES
('01001', '1003', TO_DATE ('12-3-2022', 'MM-DD-YYYY'), 'IN PROGRESS', TO_DATE('12-5-2022', 'MM-DD-YYYY'), '14.99', '2', '16.99', 'CARD');

INSERT INTO SALES_ORDER VALUES
('01002', '1005', TO_DATE('9-12-2021', 'MM-DD-YYYY'), 'DELIVERED', TO_DATE('9-14-2021', 'MM-DD-YYYY'), '34.00', '6', '40.00', 'CARD');

INSERT INTO SALES_ORDER VALUES
('01004', '1004', TO_DATE ('12-4-2024', 'MM-DD-YYYY'), 'IN PROGRESS', TO_DATE('12-5-2024', 'MM-DD-YYYY'), '45.00', '5', '50.00', 'CARD');

INSERT INTO SALES_ORDER VALUES
('01005', '1002', TO_DATE ('11-28-2024', 'MM-DD-YYYY'), 'DELIVERED', TO_DATE ('11-30-2024', 'MM-DD-YYYY'), '24.87', '3.03', '27.90', 'CARD');

INSERT INTO SALES_ORDER VALUES
('01007', '1002', TO_DATE ('10-14-2024', 'MM-DD-YYYY'), 'DELIVERED', TO_DATE('10-15-2024', 'MM-DD-YYYY'), '18.99', '2', '20.99', 'CARD');

INSERT INTO SALES_ORDER (SALESORDERID, CUSTOMERID, ORDERDATE, ORDERSTATUS, PAYMENTMETHOD) 
VALUES
('01006', '1003', TO_DATE('11-16-2024', 'MM-DD-YYYY'), 'CANCELLED','REFUND');

INSERT INTO SALES_ORDER VALUES
('01003', '1001', TO_DATE ('2-17-2022', 'MM-DD-YYYY'), 'DELIVERED', TO_DATE ('2-19-2022', 'MM-DD-YYYY'), '143.82', '14', '203.00', 'CARD');

/**INSERT INTO ORDER_ITEM**/

INSERT INTO Order_Item (OrderItemID, SalesOrderID, ProductID, Quantity, UnitPrice, Discount, Total) 
VALUES 
('10', '01001', '1', '4', '3.99', '0.97', '14.99');

INSERT INTO Order_Item (OrderItemID, SalesOrderID, ProductID, Quantity, UnitPrice, Discount, Total) 
VALUES 
('11', '01003', '2', '2', '4.99', '0.00', '9.98');

INSERT INTO Order_Item (OrderItemID, SalesOrderID, ProductID, Quantity, UnitPrice, Discount, Total) 
VALUES 
('12', '01003', '7', '10', '9.99', '0.00', '99.90');

INSERT INTO Order_Item (OrderItemID, SalesOrderID, ProductID, Quantity, UnitPrice, Discount, Total) 
VALUES
 ('13', '01003', '1', '6', '3.99', '0.00', '23.94');

INSERT INTO Order_Item (OrderItemID, SalesOrderID, ProductID, Quantity, UnitPrice, Discount, Total) 
VALUES
 ('14', '01003', '6', '4', '2.50', '0.00', '10.00');

INSERT INTO Order_Item (OrderItemID, SalesOrderID, ProductID, Quantity, UnitPrice, Discount, Total) 
VALUES 
('18’, '01007', '1', '3', '3.99', '0.00', '11.97');

INSERT INTO Order_Item (OrderItemID, SalesOrderID, ProductID, Quantity, UnitPrice, Discount, Total) 
VALUES
 ('15', '01004', '7', '6', '9.99', '14.94', '45');

INSERT INTO Order_Item (OrderItemID, SalesOrderID, ProductID, Quantity, UnitPrice, Discount, Total) 
VALUES
 ('16', '01002', '3', '5', '1.99', '0.00', '9.95');

INSERT INTO Order_Item (OrderItemID, SalesOrderID, ProductID, Quantity, UnitPrice, Discount, Total) 
VALUES
 ('17', '01002', '4', '9', '2.99', '2.86', '24.05');

INSERT INTO Order_Item (OrderItemID, SalesOrderID, ProductID, Quantity, UnitPrice, Discount, Total) 
VALUES
 ('19’, '01007', '5', '4', '0.59', '0.00', '2.36');

INSERT INTO Order_Item (OrderItemID, SalesOrderID, ProductID, Quantity, UnitPrice, Discount, Total) 
VALUES 
('20’, '01007', '6', '2', '2.50', '0.34', '4.66');

/**INSERT INTO LOYALTY PROGRAM**/

INSERT INTO LOYALTY_PROGRAM VALUES
('6701', '1004', '300', '1000', 'SILVER');

INSERT INTO LOYALTY_PROGRAM VALUES
('6702', '1003', '2000', '4578', 'GOLD');

INSERT INTO LOYALTY_PROGRAM VALUES
('6703', '1001', '230', '397', 'DIAMOND');

INSERT INTO LOYALTY_PROGRAM VALUES
('6704', '1005', '0', '100', 'SILVER');





